openid,searchword
88hrt-j37db-x56kt-fkyou-307fs,喪中▽丐井中♁▼
88hrt-j37db-x56kt-fkyou-cap9y,喪中▽丐井中♁▼
88hrt-j37db-x56kt-fkyou-964mh,喪中▽丐井中♁▼
88hrt-j37db-x56kt-fkyou-30x9f,喪中▽丐井中♁▼
88hrt-j37db-x56kt-fkyou-ax0xw,喪中▽丐井中♁▼
88hrt-j37db-x56kt-fkyou-jhtn5,喪中▽丐井中♁▼
88hrt-j37db-x56kt-fkyou-vsgst,喪中▽丐井中♁▼
88hrt-j37db-x56kt-fkyou-iozp7,喪中▽丐井中♁▼
88hrt-j37db-x56kt-fkyou-gwr63,喪中▽丐井中♁▼
88hrt-j37db-x56kt-fkyou-ls7au,喪中▽丐井中♁▼
88hrt-j37db-x56kt-fkyou-a3odq,喪中▽丐井中♁▼
88hrt-j37db-x56kt-fkyou-ar6g2,喪中▽丐井中♁▼
88hrt-j37db-x56kt-fkyou-onz91,喪中▽丐井中♁▼
88hrt-j37db-x56kt-fkyou-bgead,喪中▽丐井中♁▼
88hrt-j37db-x56kt-fkyou-v0op9,喪中▽丐井中♁▼
88hrt-j37db-x56kt-fkyou-kwu8o,喪中▽丐井中♁▼
88hrt-j37db-x56kt-fkyou-yx0e9,喪中▽丐井中♁▼
88hrt-j37db-x56kt-fkyou-l1zm6,喪中▽丐井中♁▼
88hrt-j37db-x56kt-fkyou-s06yb,喪中▽丐井中♁▼
88hrt-j37db-x56kt-fkyou-d3e3v,喪中▽丐井中♁▼
88hrt-j37db-x56kt-fkyou-jx8tv,喪中▽丐井中♁▼
88hrt-j37db-x56kt-fkyou-vaa1f,喪中▽丐井中♁▼
88hrt-j37db-x56kt-fkyou-w13pn,喪中▽丐井中♁▼
88hrt-j37db-x56kt-fkyou-qthw0,喪中▽丐井中♁▼
88hrt-j37db-x56kt-fkyou-5xnv9,喪中▽丐井中♁▼
88hrt-j37db-x56kt-fkyou-86sag,喪中▽丐井中♁▼
88hrt-j37db-x56kt-fkyou-q2got,喪中▽丐井中♁▼
88hrt-j37db-x56kt-fkyou-ob3lo,喪中▽丐井中♁▼
88hrt-j37db-x56kt-fkyou-44yn2,喪中▽丐井中♁▼
88hrt-j37db-x56kt-fkyou-fb7cm,喪中▽丐井中♁▼
88hrt-j37db-x56kt-fkyou-5bpvh,喪中▽丐井中♁▼
88hrt-j37db-x56kt-fkyou-zmhdn,喪中▽丐井中♁▼
88hrt-j37db-x56kt-fkyou-3im61,喪中▽丐井中♁▼
88hrt-j37db-x56kt-fkyou-gxjwm,喪中▽丐井中♁▼
88hrt-j37db-x56kt-fkyou-o0ehe,喪中▽丐井中♁▼
88hrt-j37db-x56kt-fkyou-n0ftg,喪中▽丐井中♁▼
88hrt-j37db-x56kt-fkyou-iep1l,喪中▽丐井中♁▼
88hrt-j37db-x56kt-fkyou-l7bpk,喪中▽丐井中♁▼
88hrt-j37db-x56kt-fkyou-lrhxf,喪中▽丐井中♁▼
88hrt-j37db-x56kt-fkyou-zfyax,喪中▽丐井中♁▼
88hrt-j37db-x56kt-fkyou-991b9,喪中▽丐井中♁▼
88hrt-j37db-x56kt-fkyou-6yhk6,喪中▽丐井中♁▼
88hrt-j37db-x56kt-fkyou-610cx,喪中▽丐井中♁▼
88hrt-j37db-x56kt-fkyou-b49fl,喪中▽丐井中♁▼
88hrt-j37db-x56kt-fkyou-wd06w,喪中▽丐井中♁▼
88hrt-j37db-x56kt-fkyou-bjf1u,喪中▽丐井中♁▼
88hrt-j37db-x56kt-fkyou-0uho1,喪中▽丐井中♁▼
88hrt-j37db-x56kt-fkyou-vo1sz,喪中▽丐井中♁▼
88hrt-j37db-x56kt-fkyou-j9z00,喪中▽丐井中♁▼
88hrt-j37db-x56kt-fkyou-lbc9g,喪中▽丐井中♁▼
88hrt-j37db-x56kt-fkyou-it17d,喪中▽丐井中♁▼
88hrt-j37db-x56kt-fkyou-nqwiz,喪中▽丐井中♁▼
88hrt-j37db-x56kt-fkyou-os9db,喪中▽丐井中♁▼
88hrt-j37db-x56kt-fkyou-8yzmt,喪中▽丐井中♁▼
88hrt-j37db-x56kt-fkyou-90vki,喪中▽丐井中♁▼
88hrt-j37db-x56kt-fkyou-to3ix,喪中▽丐井中♁▼
88hrt-j37db-x56kt-fkyou-usbxb,喪中▽丐井中♁▼
88hrt-j37db-x56kt-fkyou-nsr15,喪中▽丐井中♁▼
88hrt-j37db-x56kt-fkyou-4258n,喪中▽丐井中♁▼
88hrt-j37db-x56kt-fkyou-nmo4q,喪中▽丐井中♁▼
88hrt-j37db-x56kt-fkyou-0cj80,喪中▽丐井中♁▼
88hrt-j37db-x56kt-fkyou-y4lhe,喪中▽丐井中♁▼
88hrt-j37db-x56kt-fkyou-ye1hg,喪中▽丐井中♁▼
88hrt-j37db-x56kt-fkyou-ujob1,喪中▽丐井中♁▼
88hrt-j37db-x56kt-fkyou-cx1xj,喪中▽丐井中♁▼
88hrt-j37db-x56kt-fkyou-spmw5,喪中▽丐井中♁▼
88hrt-j37db-x56kt-fkyou-wv9y5,喪中▽丐井中♁▼
88hrt-j37db-x56kt-fkyou-f1a1h,喪中▽丐井中♁▼
88hrt-j37db-x56kt-fkyou-et0c3,喪中▽丐井中♁▼
88hrt-j37db-x56kt-fkyou-dgz6o,喪中▽丐井中♁▼
88hrt-j37db-x56kt-fkyou-va8b7,喪中▽丐井中♁▼
88hrt-j37db-x56kt-fkyou-iwqej,喪中▽丐井中♁▼
88hrt-j37db-x56kt-fkyou-uxuam,喪中▽丐井中♁▼
88hrt-j37db-x56kt-fkyou-uvk88,喪中▽丐井中♁▼
88hrt-j37db-x56kt-fkyou-51cye,喪中▽丐井中♁▼
88hrt-j37db-x56kt-fkyou-zsocu,喪中▽丐井中♁▼
88hrt-j37db-x56kt-fkyou-nf3ow,喪中▽丐井中♁▼
88hrt-j37db-x56kt-fkyou-wwak2,喪中▽丐井中♁▼
88hrt-j37db-x56kt-fkyou-l0h1e,喪中▽丐井中♁▼
88hrt-j37db-x56kt-fkyou-7lryi,喪中▽丐井中♁▼
88hrt-j37db-x56kt-fkyou-443we,喪中▽丐井中♁▼
88hrt-j37db-x56kt-fkyou-6imuh,喪中▽丐井中♁▼
88hrt-j37db-x56kt-fkyou-dxv44,喪中▽丐井中♁▼
88hrt-j37db-x56kt-fkyou-erqef,喪中▽丐井中♁▼
88hrt-j37db-x56kt-fkyou-nzxap,喪中▽丐井中♁▼
88hrt-j37db-x56kt-fkyou-2wirs,喪中▽丐井中♁▼
88hrt-j37db-x56kt-fkyou-f0hhm,喪中▽丐井中♁▼
88hrt-j37db-x56kt-fkyou-3m02b,喪中▽丐井中♁▼
88hrt-j37db-x56kt-fkyou-6zh6r,喪中▽丐井中♁▼
88hrt-j37db-x56kt-fkyou-7kgdo,喪中▽丐井中♁▼
88hrt-j37db-x56kt-fkyou-le455,喪中▽丐井中♁▼
88hrt-j37db-x56kt-fkyou-x0i4q,喪中▽丐井中♁▼
88hrt-j37db-x56kt-fkyou-cwiq2,喪中▽丐井中♁▼
88hrt-j37db-x56kt-fkyou-tj120,喪中▽丐井中♁▼
88hrt-j37db-x56kt-fkyou-raq9e,喪中▽丐井中♁▼
88hrt-j37db-x56kt-fkyou-1ypxv,喪中▽丐井中♁▼
88hrt-j37db-x56kt-fkyou-ejz1g,喪中▽丐井中♁▼
88hrt-j37db-x56kt-fkyou-u08v8,喪中▽丐井中♁▼
88hrt-j37db-x56kt-fkyou-2rgo5,喪中▽丐井中♁▼
88hrt-j37db-x56kt-fkyou-wmufs,喪中▽丐井中♁▼
